beat,qNet,dvdtmax,vmax,vrest,APD50,APD90,max_dv,camax,carest,CaTD50,CaTD90,EADs,noDepols,noRepols,Variant
983,73.3207341325629,72.878562106167,41.5957521568872,-88.013391490354,228,277,-0.384220209094905,0.000238462096703,7.44419129021007E-05,297,723,0,0,0,G168R
872,73.6377869368276,72.8780146430484,41.5932307336026,-88.0133915611494,227,276,-0.384219050335642,0.000238210541844,7.44166578899932E-05,297,723,0,0,0,Y184S
891,72.4014664822461,72.879052172241,41.6010343007665,-88.0132243770817,231,280,-0.377381519500123,0.000239365900511,7.45299309395151E-05,298,723,0,0,0,S225L
754,73.1194484549003,72.8778008783029,41.5958466133209,-88.0132718133512,228,278,-0.379419324032762,0.000238762193514,7.44701912588707E-05,297,723,0,0,0,R243C
752,70.0402291677601,72.8828654035696,41.61708414525,-88.0130863729764,238,288,-0.37268165398781,0.000241351263317,7.47233243534359E-05,300,724,0,0,0,V254M
976,73.147700670348,72.879047645385,41.5970168217745,-88.013376423956,228,278,-0.380976477387746,0.000238593141753,7.44550959349532E-05,297,723,0,0,0,L266P
855,73.2121330326503,72.8779509166487,41.5951019744871,-88.013280786289,228,278,-0.381396032142629,0.000238677610087,7.44617826589678E-05,297,723,0,0,0,G269S
987,73.4028377895063,72.8784363681982,41.5950441340015,-88.0133726908107,228,277,-0.379646487594422,0.000238425368575,7.44378715530663E-05,297,723,0,0,0,W305S
963,73.1901729018304,72.879603178963,41.5977461845339,-88.0134355058888,228,277,-0.382125424883849,0.000238495210315,7.44460760937085E-05,297,723,0,0,0,T312I
853,73.1831882130859,72.8791925950862,41.5968683116109,-88.0133786085969,228,277,-0.381784861061476,0.000238543878517,7.4450327598689E-05,297,723,0,0,0,G314S
859,74.4600070257195,72.8779607104748,41.5881986404043,-88.0135328421378,224,273,-0.38942816197469,0.000237397105598,7.43365959513762E-05,295,721,0,0,0,Y315C
782,73.5081061214319,72.8781171632044,41.5937740488694,-88.0133544874972,227,276,-0.381620133507423,0.000238340537907,7.44292804593253E-05,297,723,0,0,0,A341E
943,73.4902499631213,72.8790028314965,41.5953210148642,-88.013455869718,227,276,-0.382185603001489,0.000238238830961,7.44206119013661E-05,297,723,0,0,0,A341V
759,71.4281285417243,72.8793127555537,41.605822226361,-88.0130175020242,234,284,-0.375401155712823,0.000240306623032,7.46205666348216E-05,299,723,0,0,0,S349W
796,74.6306422259456,72.8768569744257,41.5857183033922,-88.0134462124283,224,273,-0.385527019119295,0.000237378415521,7.43331009140377E-05,295,721,0,0,0,R591H
987,74.6878575333313,72.8761824052133,41.584570825047,-88.0133989922508,224,273,-0.386108447820017,0.000237404500075,7.43349067823949E-05,295,721,0,0,0,R594Q
815,75.1619633659599,72.8752966185787,41.5806695441097,-88.0134316989525,222,271,-0.389204146854076,0.00023703360179,7.42972845531647E-05,295,721,0,0,0,D611Y
